Flow Duration,Flow Bytes/s,Flow Packets/s,Packet Length Mean,Label,Seconds_To_Failure
39.0,10757460.473129902,502766.7327142532,5.5853413364843245,BENIGN,1000.0
29.0,14961577.48675752,1655596.5077411132,5.543006951866939,BENIGN,999.0
15.0,13552543.68163629,712803.1579081889,6.166866660550921,BENIGN,998.0
43.0,9063977.84927924,143498.26745462848,6.323309429820718,BENIGN,997.0
8.0,13843538.583197443,392203.18436925905,6.282015334932967,BENIGN,996.0
21.0,1074200.0895664757,524867.4255429914,6.043805727866237,BENIGN,995.0
39.0,14650940.281231996,1918913.4869997157,5.599866821136178,BENIGN,994.0
19.0,7870482.909622982,1188778.7149686136,6.188044443836014,BENIGN,993.0
23.0,11120545.35270486,1872188.4069048841,5.741888883554146,BENIGN,992.0
11.0,12492060.624146936,1192810.3659435874,6.411068702767384,BENIGN,991.0
11.0,11058401.791711751,1010773.4362619184,6.338265359545705,BENIGN,990.0
24.0,8490514.248628747,696082.6132687825,6.209382967087391,BENIGN,989.0
36.0,7672672.777769768,1252104.7944234137,6.44884595583113,BENIGN,988.0
40.0,12740155.821836747,364476.2467733067,5.531421821511273,BENIGN,987.0
24.0,3871085.8420924274,1806697.0918561413,6.236200425060762,BENIGN,986.0
3.0,14551916.93105928,1675731.569768439,5.830242779336405,BENIGN,985.0
22.0,10953334.703714475,703309.7509658004,6.406065885686365,BENIGN,984.0
2.0,3793096.9827364767,1910315.3024424592,5.766675196661978,BENIGN,983.0
24.0,11307460.571778834,1667881.4580895794,6.224856499315017,BENIGN,982.0
44.0,8417760.324535634,1365983.0830865754,6.377647019650781,BENIGN,981.0
30.0,10901221.339022223,331347.6311380221,5.541656818382682,BENIGN,980.0
38.0,11748913.020199744,1008644.6437913374,5.897647579592036,BENIGN,979.0
2.0,2222062.514255456,1061604.3542088266,6.262309032021939,BENIGN,978.0
21.0,8085455.389030858,541847.5808942223,5.954918889507587,BENIGN,977.0
33.0,14048200.791597078,251934.2492826737,5.767252629793595,BENIGN,976.0
12.0,5488990.6902332,1575774.897896216,5.71980534882319,BENIGN,975.0
22.0,9314363.365810584,331866.59903635056,5.631518266916378,BENIGN,974.0
44.0,6169226.741138546,1229152.4260673719,6.357129559856283,BENIGN,973.0
25.0,7359751.611067395,1879253.430378955,6.075355403251556,BENIGN,972.0
49.0,8680443.651134145,1764599.865936281,5.576384944991456,BENIGN,971.0
27.0,8684907.718445681,627729.9851235962,5.882580323570635,BENIGN,970.0
42.0,3824226.4726233017,1717752.4113474041,5.86773365080511,BENIGN,969.0
28.0,10584001.670317667,100631.76162892987,5.681739190709463,BENIGN,968.0
16.0,2230153.557397195,133606.83826518874,5.935507625472191,BENIGN,967.0
15.0,2943546.828188285,1244851.0113014434,5.832099365393137,BENIGN,966.0
47.0,1037952.5918006154,793116.616374606,5.8418037054921825,BENIGN,965.0
44.0,2633744.8979835385,834275.5982023795,6.239026557787959,BENIGN,964.0
3.0,7624326.814726491,1172438.0722898766,5.723263385505196,BENIGN,963.0
37.0,9485426.33478174,464386.6656245351,6.141859958855355,BENIGN,962.0
7.0,12120052.299530474,502335.16626440885,6.070649623880935,BENIGN,961.0
21.0,2493789.5015881048,1020743.0153358429,6.068092512337867,BENIGN,960.0
9.0,12910184.440230366,1533081.7342533397,6.163007346141776,BENIGN,959.0
39.0,11443643.357682053,1277045.7276744165,6.048382036195654,BENIGN,958.0
18.0,6719256.101102836,664974.5916499939,6.3792551148463845,BENIGN,957.0
4.0,14061132.939399365,917640.6372669503,6.17558009195026,BENIGN,956.0
25.0,14873012.670403467,424263.041244997,6.0469632513713885,BENIGN,955.0
14.0,3870025.3407453215,241796.64724045526,6.3297631202876445,BENIGN,954.0
9.0,6309200.189493205,1587122.4774138834,6.106146564933479,BENIGN,953.0
26.0,13970291.930255957,604236.0774575698,5.791144247785179,BENIGN,952.0
2.0,11102351.71051788,437756.1369173716,5.707094918176571,BENIGN,951.0
20.0,1673325.0154972277,1414074.3055817068,5.652327785662679,BENIGN,950.0
28.0,11941202.74451981,1274298.1811456534,6.399455212546101,BENIGN,949.0
47.0,12591172.420484887,1303060.2894255817,6.210135431798066,BENIGN,948.0
7.0,11507026.94671439,534899.7492085658,6.437378438164321,BENIGN,947.0
44.0,12193519.832873218,542026.5232690938,6.103291805714943,BENIGN,946.0
8.0,12551857.473699162,519524.99659271433,5.973400881494912,BENIGN,945.0
47.0,3609669.8150340174,430129.93175835954,5.559716488970889,BENIGN,944.0
35.0,4299684.444909997,1345874.977867147,6.1716422815460295,BENIGN,943.0
14.0,9872619.89208248,1711230.1819738627,6.082208759768231,BENIGN,942.0
17.0,13710125.826475224,1476203.1923856563,6.490208893587622,BENIGN,941.0
36.0,5426752.152150924,1604977.9041450322,5.739158777782243,BENIGN,940.0
40.0,9236293.461130794,869117.0152618797,6.030737355286836,BENIGN,939.0
4.0,10561748.887839854,1342744.0112067964,6.150957335118073,BENIGN,938.0
2.0,7327280.418186549,773048.8568450717,6.144591174742343,BENIGN,937.0
6.0,10992954.367974564,1098458.7817404158,6.061293542948403,BENIGN,936.0
42.0,13595344.234090423,1015106.2084162384,6.276928010327225,BENIGN,935.0
4.0,9737421.618545726,436085.57577332336,5.704981209526816,BENIGN,934.0
29.0,8556934.866804862,835449.6446376985,6.225627200274416,BENIGN,933.0
18.0,7142425.455436747,1931262.3234164668,6.1197345714330895,BENIGN,932.0
26.0,9084807.79268576,572302.4896583899,6.396075111794573,BENIGN,931.0
44.0,5975074.325457542,354227.09893102857,6.347194439033582,BENIGN,930.0
34.0,6480749.542821027,895303.181085477,5.815147039132553,BENIGN,929.0
10.0,8446004.715634435,1601641.6981342814,5.776237324975153,BENIGN,928.0
36.0,1932667.5734714377,1206081.6365819473,6.481653323852448,BENIGN,927.0
14.0,4206355.472947149,1393852.1717526647,6.027265180915257,BENIGN,926.0
31.0,8599890.348587725,460420.21153188666,6.406420963914437,BENIGN,925.0
48.0,7041394.003910197,1276001.566714671,5.663881023780482,BENIGN,924.0
15.0,5659421.00277478,714650.7503318001,6.142818914800174,BENIGN,923.0
8.0,11227687.91533022,1685176.3953140583,6.309860187360586,BENIGN,922.0
14.0,10712046.503646739,1295667.7314203987,6.447395249586447,BENIGN,921.0
23.0,3334230.6399073643,477826.9277730622,5.837340141017023,BENIGN,920.0
40.0,13300807.615228135,222771.69170376367,6.224981169924052,BENIGN,919.0
21.0,7935930.769655519,181003.0976453622,6.038813009039619,BENIGN,918.0
16.0,11380452.755946636,805676.2785352675,5.560628926066468,BENIGN,917.0
45.0,9024111.889603442,605117.1596431956,6.189999737308943,BENIGN,916.0
18.0,14967696.622933807,1327571.2345787652,6.190096558237843,BENIGN,915.0
47.0,11533643.680543518,1048734.2864593747,6.430606804846537,BENIGN,914.0
24.0,10897726.457408426,605436.6282102234,5.997312446168973,BENIGN,913.0
26.0,11900007.146710515,383551.7781053346,5.730250920710515,BENIGN,912.0
25.0,3003791.797678575,341679.54910615424,5.544563823448679,BENIGN,911.0
45.0,3863624.3043724857,1742854.7450667936,5.915642186685906,BENIGN,910.0
41.0,10996897.151130598,562608.1399692477,5.801916700077502,BENIGN,909.0
29.0,7915740.819832077,1338250.2310308397,6.261088306023876,BENIGN,908.0
15.0,11564894.086041631,1640303.263173906,5.854267764841047,BENIGN,907.0
45.0,2440824.4304180304,1266754.4912509986,6.4490711963148435,BENIGN,906.0
1.0,8510738.920784326,1733173.940129197,6.462310202987784,BENIGN,905.0
25.0,6303501.9177968195,845548.0709041016,6.120908590217708,BENIGN,904.0
7.0,7398003.069943497,1916822.1622330018,6.428660287014883,BENIGN,903.0
9.0,9455410.209015176,352975.5079383842,6.260854344514495,BENIGN,902.0
24.0,8032036.864475423,294084.10634932236,6.046859640975126,BENIGN,901.0
1.0,8558048.919579715,1351515.0777941428,5.680307935422778,BENIGN,900.0
44.0,7809004.747938509,1891379.1686851974,5.95859794351384,BENIGN,899.0
8.0,6725372.479196905,1636878.5771090232,6.060874463362618,BENIGN,898.0
24.0,11806347.728375431,245192.03293229773,6.36396158073501,BENIGN,897.0
11.0,1170843.0124526233,630798.6564759611,5.981333376535665,BENIGN,896.0
17.0,9378197.816873178,1867605.8811918648,6.397674672677956,BENIGN,895.0
8.0,8917116.862521634,580811.0223214906,6.174348979023469,BENIGN,894.0
35.0,11026507.046261331,1584223.8051951465,5.636999063053671,BENIGN,893.0
35.0,9386411.106882572,1667751.1722645373,6.494981369325093,BENIGN,892.0
33.0,12575183.589327097,1041358.9965758654,6.027232660753913,BENIGN,891.0
5.0,14427047.123896388,834062.9287117994,5.891858296409079,BENIGN,890.0
42.0,5795339.600499608,955236.4215975433,6.159113764469526,BENIGN,889.0
39.0,4182913.7624198184,531232.9192941919,5.608893313981039,BENIGN,888.0
41.0,6930356.0738867605,1789842.740644804,6.136538646753355,BENIGN,887.0
28.0,5031014.630660165,956177.34778654,5.998236000499273,BENIGN,886.0
7.0,9609303.684137162,1776672.9368665896,5.906674069998584,BENIGN,885.0
9.0,13765933.723801507,300817.6118219208,6.453020021178899,BENIGN,884.0
8.0,2947626.718002866,1977723.0149002497,6.022539716732053,BENIGN,883.0
12.0,2411124.442222411,942218.8661428747,5.719117479469938,BENIGN,882.0
34.0,4584217.445951271,190878.55874880037,5.9589634793772985,BENIGN,881.0
33.0,11165338.20487361,172241.51165116433,6.419387404572673,BENIGN,880.0
48.0,9301480.673623502,1517793.7892154932,5.676095471330594,BENIGN,879.0
23.0,2430977.2991527943,1352167.5149869935,5.713957038688237,BENIGN,878.0
24.0,13862507.311650451,1624048.0604424162,5.5130295677570835,BENIGN,877.0
37.0,12061184.919737214,300198.3145103313,5.514190049395767,BENIGN,876.0
35.0,1322316.4670269252,167584.64736754185,6.329391626958513,BENIGN,875.0
44.0,10119140.953835446,1066300.649950399,6.232122606842956,BENIGN,874.0
40.0,11797453.359276332,836430.9398172621,5.855041056451959,BENIGN,873.0
22.0,6242095.176085908,977699.179674816,6.198311157227573,BENIGN,872.0
27.0,1964901.551141063,1984017.9768535206,5.89520592630997,BENIGN,871.0
35.0,2082494.9168430215,1944424.9195742733,6.452896795997828,BENIGN,870.0
1.0,2459457.524725333,1890399.2403790664,6.4670526814260345,BENIGN,869.0
35.0,12766154.84772592,1589301.0858585802,5.892793775809343,BENIGN,868.0
37.0,13749606.775579983,774198.5844880918,6.354221906340868,BENIGN,867.0
47.0,2719350.945840273,883048.7674992661,6.2730890416974665,BENIGN,866.0
14.0,4302684.484331137,1144270.4830659565,5.809999937171789,BENIGN,865.0
3.0,3317287.1451420565,1678015.4671691959,5.732039828901106,BENIGN,864.0
1.0,3608492.31291769,230554.38178470876,5.958234650392834,BENIGN,863.0
5.0,12724871.04603489,906164.0831812874,6.281348840614406,BENIGN,862.0
26.0,5650049.777169145,256973.5605726105,6.460167784728745,BENIGN,861.0
14.0,5360219.696638976,1077849.414489672,6.263579068866573,BENIGN,860.0
39.0,4183538.692279577,1807911.5656118472,6.35520698501837,BENIGN,859.0
27.0,9510521.513119621,1586721.356671482,6.103064306170516,BENIGN,858.0
9.0,6310279.777397684,532900.5933319089,6.335407830842126,BENIGN,857.0
15.0,11419495.125806043,1954382.6142377057,6.2844208580034175,BENIGN,856.0
15.0,3878117.317258925,1367965.756288214,5.87698554192628,BENIGN,855.0
26.0,12029058.442002894,119812.62885506582,6.051990302120721,BENIGN,854.0
42.0,9452101.444221945,585285.6209019171,6.304753121989695,BENIGN,853.0
13.0,2599742.2007796285,595355.2698478415,5.546056734189956,BENIGN,852.0
32.0,6803064.178850788,231583.18194313388,6.30807928235583,BENIGN,851.0
39.0,13089253.968581397,1923670.384344265,5.677888124049024,BENIGN,850.0
49.0,13921443.245178787,1008685.0596942551,6.014683617121439,BENIGN,849.0
32.0,7519801.7124633845,1802047.7350065757,6.3082754395559375,BENIGN,848.0
4.0,7731717.69324703,712209.4565447939,5.753821078156695,BENIGN,847.0
30.0,13858366.149150215,337943.7838223715,5.745807439306153,BENIGN,846.0
37.0,9218955.137911942,1001238.6088218064,5.902764398462252,BENIGN,845.0
23.0,1459853.383408137,316517.6059572026,6.394642797577634,BENIGN,844.0
39.0,13778492.480307804,1023429.4556573258,5.500442781437208,BENIGN,843.0
45.0,4475170.198600126,1848564.6443168747,6.4013830966419345,BENIGN,842.0
15.0,9086847.35728166,1089459.4694850042,5.6538070246416074,BENIGN,841.0
43.0,3317186.4439916336,1271349.4811006587,6.490086376067482,BENIGN,840.0
29.0,1474308.24345233,397613.03025023575,6.454846993038468,BENIGN,839.0
36.0,5360624.3958586035,183097.689171942,5.994675189591283,BENIGN,838.0
13.0,11926939.905645227,310535.12814163335,6.012720247812628,BENIGN,837.0
32.0,4886220.416811854,1237209.9938002948,5.981549340275854,BENIGN,836.0
7.0,4081360.997135359,280522.2280853789,6.135443645659523,BENIGN,835.0
22.0,3977530.9807771677,814386.4908884917,5.590721702234931,BENIGN,834.0
28.0,8212431.553695376,1145174.6868704963,5.532617948341566,BENIGN,833.0
2.0,14657578.419558588,838440.3173967093,5.557702928415899,BENIGN,832.0
42.0,7425845.832238182,410999.2227840728,5.944365349241514,BENIGN,831.0
45.0,8802275.16446067,620203.4842768024,5.775547939219483,BENIGN,830.0
6.0,13048848.250470275,1863803.3124122962,6.122039562370993,BENIGN,829.0
28.0,8490976.065071221,1384366.3236140753,6.492442289374779,BENIGN,828.0
28.0,3582480.199863985,1042490.8934917845,5.886323173076466,BENIGN,827.0
44.0,5194342.764730679,124158.29097509768,6.073841254104513,BENIGN,826.0
44.0,5339116.967760553,1985589.2609299934,5.915603895907336,BENIGN,825.0
20.0,6562453.61640637,1375764.3762998222,6.347271667721859,BENIGN,824.0
30.0,6975044.674714492,702152.7069553954,6.402236403462238,BENIGN,823.0
11.0,12196948.309039772,1770610.4539958925,6.37735561220526,BENIGN,822.0
28.0,5891417.986690662,591020.0785544544,6.4743722386792575,BENIGN,821.0
25.0,7555245.598179311,1133631.500447228,5.527519185140415,BENIGN,820.0
39.0,9749663.818714732,1308534.4510866676,6.339816162145531,BENIGN,819.0
33.0,6288163.26416237,520020.40576208406,6.251772173039093,BENIGN,818.0
1.0,12711907.386092661,1958954.8297211323,5.728694409400365,BENIGN,817.0
27.0,9224350.459277041,1521564.6213600952,6.456320093387528,BENIGN,816.0
13.0,5116625.509093601,1159845.128471033,5.648177928229946,BENIGN,815.0
41.0,10996828.797057595,443129.7365330717,6.179549927133908,BENIGN,814.0
3.0,8387068.222027002,202330.59329624963,5.724890216815912,BENIGN,813.0
39.0,8482382.477601457,708113.6817898686,5.931380648774074,BENIGN,812.0
6.0,7735231.277426204,1531055.9382354654,6.219159896944569,BENIGN,811.0
8.0,7958167.283497486,611729.4667738476,6.063324642033047,BENIGN,810.0
27.0,11714987.934927369,1125156.8189414598,5.927501831328112,BENIGN,809.0
9.0,2441740.710638417,1483099.635788412,5.826338430931987,BENIGN,808.0
37.0,5681079.35834675,305093.05782828224,6.3396596557087905,BENIGN,807.0
33.0,2057047.093254449,1402066.2306201593,5.6438143503148135,BENIGN,806.0
42.0,11545447.090464313,274554.6866490849,5.9301028765298,BENIGN,805.0
44.0,4812225.966084192,1933746.5100412935,6.4037575717751425,BENIGN,804.0
24.0,13564025.73746438,1027948.8471233852,6.345849550459968,BENIGN,803.0
15.0,8372098.533230113,386284.60464876704,5.900941762473047,BENIGN,802.0
32.0,12210496.800805695,750528.9084637383,6.263108363601308,BENIGN,801.0
32.0,14705040.098623456,885491.2536609968,6.32316083070886,BENIGN,800.0
24.0,12757044.032391988,1540551.521045421,6.38888742400363,BENIGN,799.0
41.0,13137912.64016133,1512505.1935455578,6.044505769049228,BENIGN,798.0
49.0,6711782.935107826,1262686.9601409289,5.7044608860547115,BENIGN,797.0
49.0,8724116.333630756,301268.3538611366,5.755309076503932,BENIGN,796.0
12.0,4554439.89660626,387981.8060165798,5.795694674041604,BENIGN,795.0
39.0,3745583.3957083393,278138.1492265576,6.093802480809615,BENIGN,794.0
2.0,8077110.307484473,1196628.288246345,5.532809624128609,BENIGN,793.0
3.0,9330685.715805888,1766563.0388716676,6.136042468779968,BENIGN,792.0
49.0,5749797.442546673,924220.9732840664,5.864354238428232,BENIGN,791.0
37.0,8972209.248689003,405611.5305197178,5.795241802489642,BENIGN,790.0
49.0,13424446.75518904,1160280.4177830373,6.379496570728127,BENIGN,789.0
17.0,8794102.186967125,1642329.2120448488,5.960002395580799,BENIGN,788.0
49.0,11091383.348347092,1509252.916874567,5.595053045532692,BENIGN,787.0
2.0,12274409.54301067,1774756.4813825407,6.326746768026247,BENIGN,786.0
2.0,14842202.947376199,628013.9847728489,5.547641257436506,BENIGN,785.0
28.0,9444763.630477713,468512.34780877223,6.226749224168197,BENIGN,784.0
23.0,12295902.085476205,1771651.3232896836,6.273906221770665,BENIGN,783.0
37.0,14477090.459768245,1349364.5942782438,5.852602605928858,BENIGN,782.0
32.0,14221736.158081828,690764.9670143529,6.324787856277787,BENIGN,781.0
33.0,2975145.88288799,1510461.2960877675,6.015659405856454,BENIGN,780.0
1.0,6689492.315829309,1648724.930512699,5.963293653272797,BENIGN,779.0
19.0,5535860.855495195,1268458.6566481516,5.545403281468692,BENIGN,778.0
2.0,2216950.2093048906,1406979.8087718387,5.7900291936489054,BENIGN,777.0
44.0,9865370.848753447,812993.8184410661,6.4310099708853,BENIGN,776.0
26.0,11302664.584744032,1123521.7679517744,5.8918239632835,BENIGN,775.0
32.0,12873793.336536368,1095902.4243797082,6.046700520556769,BENIGN,774.0
6.0,2718876.455277919,1711290.8031484666,6.032021678984252,BENIGN,773.0
32.0,13270217.062254114,1695931.562536147,6.090431089822693,BENIGN,772.0
4.0,10000957.890599545,1682092.891759382,5.561330955643283,BENIGN,771.0
11.0,10855245.891939132,120960.06709868502,5.862176254798729,BENIGN,770.0
17.0,13748736.049564255,1524136.4204908877,6.223128273882554,BENIGN,769.0
38.0,9746657.794605516,1541485.1412109092,5.700560251072983,BENIGN,768.0
24.0,5702122.000097691,1388919.7634247695,5.703578377546361,BENIGN,767.0
5.0,12551502.639917238,1536902.84999376,5.510090606689024,BENIGN,766.0
34.0,6082828.970731268,1699743.7058437467,5.93748192660821,BENIGN,765.0
6.0,1479193.5514874076,993606.2027933927,6.382734380673422,BENIGN,764.0
22.0,12629163.091913497,1053895.4056280495,5.5519009435873095,BENIGN,763.0
11.0,5832690.028337859,336956.7081316419,5.691118709496003,BENIGN,762.0
48.0,11833683.324818764,832214.1777899874,5.810084538342755,BENIGN,761.0
16.0,6078610.525323236,1322393.8418323903,6.231724736564213,BENIGN,760.0
33.0,13054952.279646102,1582759.5746798215,6.140635592802586,BENIGN,759.0
9.0,4073147.3511334215,512697.28561330005,5.915943904581855,BENIGN,758.0
6.0,14643661.712784179,361863.5084025473,6.259068939258376,BENIGN,757.0
16.0,11916622.847032432,1359779.8085509352,6.1096310116569015,BENIGN,756.0
29.0,2599330.962885556,103571.77869733021,6.396040799657219,BENIGN,755.0
3.0,8920872.679531846,438907.9101839267,6.318026749138693,BENIGN,754.0
20.0,14795142.371384285,155235.6226535121,5.752813606089201,BENIGN,753.0
36.0,7594916.337713402,417081.72392425477,5.7714385776342,BENIGN,752.0
19.0,3549499.9435021654,444506.6318584599,5.625356475792386,BENIGN,751.0
26.0,7786897.140104846,836579.8300257489,5.836964725717457,BENIGN,750.0
3.0,8174407.182346903,864421.5369044563,6.499543918719095,BENIGN,749.0
19.0,11383617.219201317,1761098.6941594516,5.905751168615061,BENIGN,748.0
20.0,10783841.944252662,1069208.453747768,5.7204884346891065,BENIGN,747.0
32.0,6635700.610357728,1474469.0546633438,6.262482884475553,BENIGN,746.0
7.0,4052323.504917211,297860.9800485461,6.042471003462656,BENIGN,745.0
41.0,10030758.348770613,528333.6353810183,5.649601449526952,BENIGN,744.0
33.0,6903855.083745945,1435592.537859486,5.880689681160866,BENIGN,743.0
40.0,2851866.9557546256,200327.52489020338,5.914469715539344,BENIGN,742.0
39.0,13608012.217309399,1024535.558263131,6.253829700569218,BENIGN,741.0
18.0,10677106.006535161,1238801.0347595743,5.520671368891905,BENIGN,740.0
40.0,10564573.99023674,1244076.723699714,5.76901964679831,BENIGN,739.0
1.0,12516174.262763435,143572.34140927985,6.017596301315522,BENIGN,738.0
11.0,8415263.501171134,712005.2080354524,5.768846742452843,BENIGN,737.0
28.0,12410761.9976344,1309332.2369933927,6.128434047418999,BENIGN,736.0
25.0,7973270.54915408,383099.49868356256,5.981867479274617,BENIGN,735.0
23.0,1940455.5988199413,1421289.7318233012,5.861710254859581,BENIGN,734.0
31.0,6673473.232387642,1517257.8967459816,6.449208626870512,BENIGN,733.0
30.0,7964508.515718468,1965741.461847676,6.132159499186457,BENIGN,732.0
42.0,11082836.14285214,498699.7902271779,5.6299413722679414,BENIGN,731.0
35.0,2492102.221801441,1667748.268565619,6.060091697443395,BENIGN,730.0
7.0,2960259.5412462857,1088563.4961454426,6.280731853200901,BENIGN,729.0
16.0,4691573.23688463,809578.9326739295,6.208489697492797,BENIGN,728.0
26.0,4730977.507192351,332515.83891783806,5.67208922929526,BENIGN,727.0
48.0,11250584.098426873,1497460.6523263215,6.4724199990401035,BENIGN,726.0
49.0,4510229.247862369,548129.4383730055,5.948813645746606,BENIGN,725.0
2.0,9863372.887004266,805701.8035587869,5.659025003740261,BENIGN,724.0
1.0,7919833.9019358,218830.231105,5.680195754128148,BENIGN,723.0
48.0,9026121.294511609,1622597.1400570862,5.598234992189081,BENIGN,722.0
12.0,12733497.48449614,1556518.1955461223,6.303518108434934,BENIGN,721.0
5.0,6661341.021686341,1493870.0770803937,5.622030494321849,BENIGN,720.0
37.0,11792759.278899787,668942.6699345846,5.625125257141747,BENIGN,719.0
32.0,6908504.833709623,429612.14110531873,6.3504716147608375,BENIGN,718.0
9.0,5954199.271857493,1311351.2024934366,5.8446040844475595,BENIGN,717.0
41.0,14420780.482385088,1042716.129815117,5.530857904308072,BENIGN,716.0
35.0,3581192.889505485,438679.687118819,5.551895299518411,BENIGN,715.0
19.0,2264717.4480865104,1403231.414994741,5.642170446703895,BENIGN,714.0
48.0,11793802.957496699,1983140.220460477,5.713393347975689,BENIGN,713.0
16.0,1955495.874957282,1519717.2167098715,6.165146194238405,BENIGN,712.0
3.0,12719105.869842412,1505974.1347026625,5.657326280001828,BENIGN,711.0
20.0,7120707.54900141,1905594.2305681242,5.618874391177072,BENIGN,710.0
24.0,13817191.482086796,485579.09839231416,6.264719141476279,BENIGN,709.0
33.0,11101460.055706678,1174544.9333507367,6.171055283859914,BENIGN,708.0
24.0,9545665.338111406,1961328.7585643786,5.935324221455236,BENIGN,707.0
11.0,14290295.15880872,414058.8108433316,6.049309771480104,BENIGN,706.0
49.0,6553091.22272876,1430478.72294459,5.811984020326419,BENIGN,705.0
8.0,14357217.111554863,1213039.2773466138,5.982500420235361,BENIGN,704.0
36.0,2890017.883896897,1214310.2751585431,6.006672648982746,BENIGN,703.0
38.0,7772569.187053778,1425574.1922881429,5.887237271178096,BENIGN,702.0
40.0,4778757.113490729,1866272.1534638,6.406572210672163,BENIGN,701.0
20.0,8557798.904714707,1586905.6857175422,5.5160618649810065,BENIGN,700.0
35.0,3268194.2904821844,206658.596490799,6.2821712630912465,BENIGN,699.0
48.0,12781415.244340608,1720183.2377638514,5.624382831241324,BENIGN,698.0
25.0,12849709.890403802,528528.526858892,6.2975473605372,BENIGN,697.0
35.0,14373308.378128706,816136.9129991067,6.115911915676721,BENIGN,696.0
25.0,3165409.972365307,977292.3458635261,6.343278090936402,BENIGN,695.0
29.0,9726655.71266987,1013721.4014308323,5.597514325640898,BENIGN,694.0
18.0,7639322.321805174,926842.758585178,6.058980634099774,BENIGN,693.0
46.0,5821372.248619265,1880971.2590101424,6.001087880262197,BENIGN,692.0
18.0,5921562.255879063,1441436.1145616467,6.206193182963359,BENIGN,691.0
2.0,6779109.708494532,1299224.227317742,6.034290551893676,BENIGN,690.0
35.0,10868957.695645344,194699.85278758896,6.0407345671331045,BENIGN,689.0
16.0,9376004.815754164,1817435.3274947118,5.929595943576064,BENIGN,688.0
41.0,7435541.178655836,1827841.3648159527,5.80883442400734,BENIGN,687.0
36.0,2063067.7451747092,1582404.8205171945,5.982264361252192,BENIGN,686.0
33.0,2088714.817105399,113355.4872458764,5.618492358768401,BENIGN,685.0
4.0,1032751.4687608957,208832.47704748437,6.461513338983085,BENIGN,684.0
33.0,14547791.43489921,527925.0343101305,6.214410763626598,BENIGN,683.0
14.0,1073553.4598173888,349563.8754753227,6.4524671166878464,BENIGN,682.0
21.0,2443312.444192428,857788.456437086,5.726727382329964,BENIGN,681.0
48.0,5404351.795331753,1852983.8103668003,6.379341020176528,BENIGN,680.0
20.0,12304023.525434656,996914.8249742967,6.308789984563538,BENIGN,679.0
8.0,14469383.000697648,125464.99022111465,6.177152412457674,BENIGN,678.0
7.0,12060189.823085986,637216.8101996478,6.1250291860852055,BENIGN,677.0
3.0,10667843.254238969,184730.32590862692,5.81654966526787,BENIGN,676.0
17.0,8298209.343789971,168946.4829656541,6.316410784965031,BENIGN,675.0
33.0,2213872.9660705705,623867.7208815493,6.001515461479734,BENIGN,674.0
48.0,14414391.102055024,623663.4434899963,5.570891575891285,BENIGN,673.0
12.0,11617493.79523954,1595540.5449430477,5.81286316085513,BENIGN,672.0
22.0,9945291.394679666,1952185.8402841126,6.435297098545328,BENIGN,671.0
22.0,11626501.837543897,805293.4783909967,6.350680260604847,BENIGN,670.0
46.0,11137446.60982394,914885.0698359733,6.481905698076539,BENIGN,669.0
30.0,9921242.117052816,1705099.9289434408,6.127993382604098,BENIGN,668.0
38.0,14728075.202519834,609464.1381814755,5.747510073140412,BENIGN,667.0
38.0,13647093.37690435,397125.4283665511,5.662815049676864,BENIGN,666.0
45.0,10053308.867640287,1720870.2844669358,5.6869144406084615,BENIGN,665.0
8.0,10704452.960396945,188351.11423612444,5.519795658347254,BENIGN,664.0
27.0,1722341.2932219398,1277428.9363788897,5.8906821109859395,BENIGN,663.0
27.0,10378844.503700549,1167786.410186933,5.691427680499542,BENIGN,662.0
34.0,1618316.1279414026,757248.8502532191,5.911655460456703,BENIGN,661.0
21.0,9235692.597579036,698860.0900849821,6.434994431838765,BENIGN,660.0
30.0,14990948.993921688,1566529.6797450804,5.93054020950719,BENIGN,659.0
33.0,8781292.140120514,264206.76044883835,6.377984496984835,BENIGN,658.0
28.0,7624941.653138667,549890.1876916322,6.105504766615876,BENIGN,657.0
47.0,5379967.991078226,1491652.5904923705,5.747131554661392,BENIGN,656.0
33.0,2687316.103010502,1141809.1090802061,5.855854759259211,BENIGN,655.0
5.0,11234331.400415942,343177.5962138141,5.58391953582143,BENIGN,654.0
48.0,3696386.388998826,1776057.6671359143,5.8334625935960105,BENIGN,653.0
19.0,2613948.297461981,847550.9084708239,6.177540945503534,BENIGN,652.0
4.0,6904677.236227175,1672949.9131121284,5.572111092929435,BENIGN,651.0
35.0,12134785.731427364,1596654.7295026465,5.705401408478029,BENIGN,650.0
49.0,11430903.673683085,1286408.3482962833,5.881441041413312,BENIGN,649.0
17.0,1768356.605050649,1039514.1494606766,6.482049537015962,BENIGN,648.0
44.0,7372011.590506186,1961146.5967253381,6.28486182295888,BENIGN,647.0
28.0,8314084.064996365,375433.6375216524,6.233486746492104,BENIGN,646.0
30.0,10023653.10876151,1477795.882347118,5.616190956525446,BENIGN,645.0
29.0,10102342.906205194,463262.3327830991,6.280995893614992,BENIGN,644.0
46.0,6105761.492402282,742699.9001314619,6.285268811516016,BENIGN,643.0
6.0,8849480.716049196,686527.612409071,6.101102695624328,BENIGN,642.0
35.0,7734866.37381721,1899368.3767035736,6.490361781998372,BENIGN,641.0
41.0,13389976.991325935,1937976.737797723,5.825253905924552,BENIGN,640.0
37.0,8423711.856888603,447729.3440459816,6.441272448241851,BENIGN,639.0
24.0,7174450.2644742625,141866.80456525795,6.414731114956504,BENIGN,638.0
29.0,6662796.2955459105,1468015.2753599149,5.5114806597493775,BENIGN,637.0
49.0,9013988.632068519,894180.8743539202,5.950116526474811,BENIGN,636.0
46.0,12255677.711612567,268796.4656663723,6.477104233051573,BENIGN,635.0
31.0,8537620.865331026,1399132.8005963808,5.603121362408076,BENIGN,634.0
35.0,10263172.451127581,1135700.5036953294,6.04778469438332,BENIGN,633.0
33.0,11329980.73669135,1962981.9618021015,6.478957507041104,BENIGN,632.0
21.0,8282353.538302246,532078.04213662,6.05549542410586,BENIGN,631.0
32.0,6975438.793168101,867557.9650204417,5.689815302972156,BENIGN,630.0
23.0,13273315.290074293,1130837.0264513036,6.08218323009259,BENIGN,629.0
33.0,6845085.17639049,1604229.9780613682,5.7044405739495465,BENIGN,628.0
3.0,7467199.908058226,1142793.4477681117,6.019704262894484,BENIGN,627.0
18.0,14864778.38678488,1264510.3056377035,5.574042217912348,BENIGN,626.0
25.0,1003325.3300623841,529679.3980208874,6.105482669214405,BENIGN,625.0
42.0,3596620.7340741144,1709145.5833682637,6.0167899391281585,BENIGN,624.0
31.0,6375494.45887616,914398.039243904,6.240161368761463,BENIGN,623.0
3.0,14056258.73195354,367823.2922913616,6.130700471158785,BENIGN,622.0
40.0,1980415.8804645943,1361957.037560293,6.049606268530757,BENIGN,621.0
46.0,1132796.070798973,510571.86105208425,6.189778849248121,BENIGN,620.0
24.0,1737573.7036812003,285368.7694546695,5.643941913572231,BENIGN,619.0
32.0,2239607.7485906538,1737775.1259681173,6.095359661258604,BENIGN,618.0
47.0,1526354.8248876522,974308.3025280354,5.6721106028227775,BENIGN,617.0
22.0,7716938.575991067,1523639.0541219753,6.4255222078518806,BENIGN,616.0
23.0,9130600.901182588,652116.3636320747,5.568334104845604,BENIGN,615.0
2.0,4803617.594966058,1595243.256343566,5.9303747496907935,BENIGN,614.0
27.0,6576023.375658898,312678.26134090766,6.195797477655445,BENIGN,613.0
42.0,2283790.6915600216,776349.4102102201,5.958022211668259,BENIGN,612.0
2.0,5709186.493597909,1958317.4541497042,5.592095253232903,BENIGN,611.0
26.0,8315268.682883323,1608580.4610992116,6.053379016126708,BENIGN,610.0
17.0,11251805.300585032,1044786.2675979076,6.141631908827355,BENIGN,609.0
40.0,1046849.0686017091,745577.1959675817,6.203792310990508,BENIGN,608.0
33.0,7542350.731527136,1757057.8300427054,5.873259814462759,BENIGN,607.0
9.0,5158040.270368351,1135210.7422605797,6.063659971028763,BENIGN,606.0
43.0,12939505.503686618,1541007.5339513111,5.950686474938913,BENIGN,605.0
48.0,11017746.413279386,1532804.5926007116,6.172056038752253,BENIGN,604.0
39.0,9247519.482592527,134096.7892801345,6.083556967324818,BENIGN,603.0
29.0,4881719.03975483,339882.1873059656,6.025756219559135,BENIGN,602.0
42.0,13744747.42880548,1353295.7961500103,5.749524366838249,BENIGN,601.0
26.0,1631409.4810845247,407077.64144315576,5.502018517748234,BENIGN,600.0
35.0,2532546.381507612,585437.3548456489,5.674081675311429,BENIGN,599.0
25.0,6482821.967564985,1898612.1129792535,5.617066041424168,BENIGN,598.0
24.0,2742125.802155989,1164346.2909123325,5.949084745010946,BENIGN,597.0
13.0,14389819.765831951,1526386.0632987595,6.1122581507618445,BENIGN,596.0
7.0,12171850.510007367,1160163.4036870159,5.713085008684808,BENIGN,595.0
36.0,4625757.122425391,1149775.8680871779,6.439057095967187,BENIGN,594.0
45.0,9239759.205625435,278888.629238826,5.506682129223888,BENIGN,593.0
20.0,14752627.211121142,752960.0659572958,6.272301015165343,BENIGN,592.0
1.0,13378785.693841042,636618.7075043722,6.125204769530442,BENIGN,591.0
8.0,9411178.250190772,842383.8946658651,5.873554801047682,BENIGN,590.0
46.0,13652135.540453786,1616853.9576262238,5.5504889444124075,BENIGN,589.0
16.0,14848588.737387026,806672.0690420432,6.12748657178428,BENIGN,588.0
14.0,11406939.520510739,958223.9565401971,5.885613512865648,BENIGN,587.0
12.0,1909809.7327605165,855024.6419221014,6.43626713941322,BENIGN,586.0
23.0,6622123.309956824,277475.1467530617,6.041990074889766,BENIGN,585.0
15.0,12729560.293965437,938037.1006764891,6.439651511293508,BENIGN,584.0
28.0,4227968.7412702665,471657.6187845786,5.720483693473304,BENIGN,583.0
34.0,12628995.248508744,454774.2619687788,6.225725910364103,BENIGN,582.0
2.0,2684742.6684899433,278668.5984251061,6.117249020848726,BENIGN,581.0
32.0,1657235.0000693821,777674.850869353,6.239408229831312,BENIGN,580.0
23.0,6377268.560877494,1539215.581099893,5.714667863972537,BENIGN,579.0
22.0,1514247.1239725908,625239.2121084526,6.1649945162377735,BENIGN,578.0
25.0,14401783.681766558,693463.2935824757,5.998040393056869,BENIGN,577.0
22.0,12566879.741115522,1321081.8495776048,6.242824974906316,BENIGN,576.0
22.0,12210775.619818252,472097.54391514586,5.827044644151818,BENIGN,575.0
49.0,9816890.921946144,1804220.0678047151,6.390057025465253,BENIGN,574.0
42.0,4028536.3225117493,1088361.9941779533,5.58430131461135,BENIGN,573.0
6.0,8255645.13346949,950445.5866084122,6.307189318791188,BENIGN,572.0
15.0,9361837.014024775,1159858.3646654827,6.36131962581509,BENIGN,571.0
43.0,8350441.012043755,415465.1954907714,6.317252311366821,BENIGN,570.0
37.0,4643267.151321382,1265598.963414435,6.012726394261776,BENIGN,569.0
33.0,8213470.940406162,789891.3996046198,5.9383849800307615,BENIGN,568.0
8.0,7876608.772160772,1804654.0478327759,6.4962622865248765,BENIGN,567.0
44.0,14948700.86129414,420822.99268760363,5.729171951214163,BENIGN,566.0
44.0,13564106.072646854,1063397.097344338,6.046875965876045,BENIGN,565.0
5.0,7487330.475018679,1236413.9958011343,6.170675525382325,BENIGN,564.0
39.0,9721123.361091662,163428.84339412433,6.200867635861432,BENIGN,563.0
4.0,11470202.457291199,791016.9370366664,5.7040246657385785,BENIGN,562.0
6.0,1488112.2432735488,1492006.9459315822,6.1539940923398015,BENIGN,561.0
45.0,13528900.177189758,1658717.2641530493,6.318369566481337,BENIGN,560.0
32.0,13041775.429850932,695007.7901528365,5.550018576821112,BENIGN,559.0
30.0,7404049.368831902,1617327.2175272272,6.4115212933253165,BENIGN,558.0
47.0,6476376.725125317,1938736.166496439,5.529504055145206,BENIGN,557.0
35.0,4821431.247988409,1728060.4785426788,5.8559710324883945,BENIGN,556.0
40.0,7673475.596625158,323523.57750271785,5.515813196232962,BENIGN,555.0
16.0,1621273.2894653147,1505487.6309625271,5.577145168539582,BENIGN,554.0
13.0,12930709.46685811,707366.981637035,6.411168285180079,BENIGN,553.0
42.0,1495913.1578596309,1977990.3798829454,5.854860830746148,BENIGN,552.0
30.0,5606719.115178194,1022182.0680037856,5.924771530425053,BENIGN,551.0
19.0,14042252.836465858,332624.40688198793,5.715344381382552,BENIGN,550.0
17.0,11292977.163328338,1477852.5412520424,6.09709577018672,BENIGN,549.0
19.0,4939473.448085375,713721.2769338062,6.09480321467779,BENIGN,548.0
28.0,4537087.315452391,1994448.4984551573,5.872200391825219,BENIGN,547.0
26.0,1071149.9574523636,1961586.6699235917,5.833034871805398,BENIGN,546.0
37.0,10740000.099896502,1346654.6342391034,6.384964308180588,BENIGN,545.0
26.0,1682970.1434244234,346670.2530082634,5.883284239642201,BENIGN,544.0
23.0,8456435.27161067,1405035.8955825553,5.9935009921544085,BENIGN,543.0
9.0,14469707.616288697,276757.9242740517,5.7833047624249305,BENIGN,542.0
12.0,2532564.0407623546,155791.9022945454,6.286769503357127,BENIGN,541.0
1.0,13522719.033552945,1663621.0478208235,5.897448156899092,BENIGN,540.0
1.0,14880654.692030674,498530.6005989946,6.013611046544325,BENIGN,539.0
47.0,1861238.3673492908,820151.539816285,5.753357170059662,BENIGN,538.0
34.0,13360687.767924458,1949569.040954729,6.4876595923412514,BENIGN,537.0
32.0,8225106.286210633,739996.9535360961,5.791495740923723,BENIGN,536.0
48.0,13691192.07222412,663330.5844382991,6.270742530905552,BENIGN,535.0
25.0,8998465.186874038,1844595.199283273,5.927495650356759,BENIGN,534.0
40.0,10269568.141491905,310422.0461060204,5.70621740508414,BENIGN,533.0
45.0,8612904.71196359,1543206.5792178004,6.2997187639648615,BENIGN,532.0
1.0,13102900.324302878,1977324.5766402707,5.8336067890290435,BENIGN,531.0
16.0,11274738.865351824,1812462.4204718329,6.3651933473978115,BENIGN,530.0
39.0,8297644.370525809,1338169.0455422092,6.415257184917823,BENIGN,529.0
5.0,13154251.256721657,696715.5104861908,6.359823835391276,BENIGN,528.0
22.0,4433997.451574683,583211.7642388018,5.535007914806806,BENIGN,527.0
29.0,3202769.2358353636,1656584.6992557761,6.287373345005106,BENIGN,526.0
3.0,3245601.4746210095,1771661.636508221,5.911339466499144,BENIGN,525.0
12.0,5676124.302433331,1098326.3338368165,6.373722920182225,BENIGN,524.0
26.0,4341660.438214245,564245.8874942857,6.1379542626847385,BENIGN,523.0
16.0,14021264.907136342,314592.0959812298,6.3336431341439585,BENIGN,522.0
37.0,2481677.313600176,265640.98888047924,5.999431769866836,BENIGN,521.0
22.0,10785870.332554227,1466247.1499723257,6.0350255045989325,BENIGN,520.0
29.0,3649101.5569900824,898225.5829106774,5.644387632133667,BENIGN,519.0
14.0,13342919.858784903,1820183.7611279537,6.283987358689355,BENIGN,518.0
28.0,14458414.034588704,1505375.471380851,5.919389611666972,BENIGN,517.0
5.0,7516580.12277977,463394.7940377147,6.000080118271582,BENIGN,516.0
47.0,13307000.723193843,1266177.0957498283,6.285097714095707,BENIGN,515.0
49.0,1072032.3905660068,927460.3633565027,6.098845400079439,BENIGN,514.0
30.0,12479256.8437134,1196774.4884603648,5.701098727442668,BENIGN,513.0
46.0,4200752.261348929,1502331.3343431826,6.090232659150892,BENIGN,512.0
5.0,13721818.32977115,1631772.1739072024,5.907632857979656,BENIGN,511.0
12.0,1015681.5607215328,1703100.920172776,5.969525542043863,BENIGN,510.0
16.0,8786544.290556598,582552.261686847,5.528311274402668,BENIGN,509.0
26.0,11592901.252989085,159119.6398429796,5.710029349516281,BENIGN,508.0
26.0,4621636.629770711,1504659.996813069,5.781038081381029,BENIGN,507.0
48.0,3703860.104222103,302053.07988597173,6.212960007858806,BENIGN,506.0
21.0,2177375.1425517853,698347.2183646385,5.511492473298115,BENIGN,505.0
39.0,5570070.071046102,107252.55483625957,5.908777261229132,BENIGN,504.0
36.0,8837820.372323614,1395172.0165630782,6.424026870425733,BENIGN,503.0
33.0,2621813.9949236074,417550.8217953204,5.611880616549124,BENIGN,502.0
30.0,6273735.067815183,1345036.5784141505,6.016424388218611,BENIGN,501.0
37.0,1127013.6651381494,1984310.9726188937,6.286522382390847,BENIGN,500.0
23.0,12461511.886997785,238074.65605903094,6.442531307520117,BENIGN,499.0
10.0,2798282.0533046788,246448.2227077753,6.246776639533718,BENIGN,498.0
5.0,4966801.275718142,746722.1760666823,6.220565548644406,BENIGN,497.0
36.0,1257988.0623350446,1746134.37707755,6.326488090195762,BENIGN,496.0
34.0,7051370.9744951725,509506.7507035305,5.946201220977544,BENIGN,495.0
31.0,12761701.038377063,784717.8578676604,6.305844532617833,BENIGN,494.0
10.0,6490116.960232752,230160.2725912612,5.507964404745451,BENIGN,493.0
19.0,3512962.5279336674,1549995.05339189,6.424561055376805,BENIGN,492.0
32.0,11551783.676707268,875782.0512429571,5.943306509517175,BENIGN,491.0
1.0,12043297.74619042,1542572.5928156015,6.053380187865748,BENIGN,490.0
5.0,3432548.6543059354,1816854.9042589106,5.754882248914882,BENIGN,489.0
45.0,11791957.519573856,542249.9794924486,6.242530832840421,BENIGN,488.0
4.0,14262170.435588732,1634052.4576459075,5.576635806475249,BENIGN,487.0
16.0,3329286.217051813,212278.39114868123,6.372635802546835,BENIGN,486.0
24.0,11793780.095449897,1807810.03754247,6.328116829006342,BENIGN,485.0
16.0,10920008.064436812,1336460.24036162,5.716060116244766,BENIGN,484.0
2.0,7630034.438091239,1761030.775862868,6.309324398285263,BENIGN,483.0
49.0,1810886.4478231762,100357.95915750561,6.2863577330614815,BENIGN,482.0
28.0,2045721.8486099562,421254.03367638576,6.132216597753949,BENIGN,481.0
32.0,12933805.228781067,840542.836110335,5.873520176899688,BENIGN,480.0
27.0,14862077.21850906,821055.5164119654,5.771498754181868,BENIGN,479.0
20.0,10464731.600614563,530787.7275546703,5.73178359028935,BENIGN,478.0
24.0,7243416.298144501,825062.6857476801,5.818608962763607,BENIGN,477.0
12.0,10066031.007626707,344812.5528004842,6.40355844343253,BENIGN,476.0
35.0,9321542.029199634,884246.1456054494,5.577640775988781,BENIGN,475.0
33.0,6370571.645678706,1624473.225402602,6.328871276252959,BENIGN,474.0
33.0,1918766.0240361812,1010233.1198963673,5.848890075041823,BENIGN,473.0
43.0,12501181.263704173,134200.16899590846,6.021599396011358,BENIGN,472.0
37.0,6205669.409342145,900743.6790005701,6.294485633648491,BENIGN,471.0
12.0,12462999.006999312,151632.53057260392,6.384376547022971,BENIGN,470.0
3.0,4535122.495637352,1935862.4803429167,5.844781420072647,BENIGN,469.0
1.0,1014412.7178388676,342162.522903451,5.96184348127511,BENIGN,468.0
33.0,3225135.9658745914,1444607.8200281756,5.914516064816793,BENIGN,467.0
40.0,7559551.834760181,1948275.013494963,5.51325103350391,BENIGN,466.0
10.0,14220250.889409618,1669474.1981664866,5.795942888858656,BENIGN,465.0
43.0,2430710.675712066,1428699.212739787,5.959189233732562,BENIGN,464.0
44.0,12958936.842461923,1694975.728051457,5.9110936088804396,BENIGN,463.0
29.0,8378337.346966069,1965417.5171951924,6.2219292275156795,BENIGN,462.0
13.0,12562890.721198553,1280554.5447817063,5.884803617221103,BENIGN,461.0
12.0,5177242.0338598965,1162451.1329757203,5.9893764489706705,BENIGN,460.0
31.0,12759260.305414606,1293652.4098802346,5.929608592132364,BENIGN,459.0
46.0,11819518.920235263,1112084.1848469544,6.24062614889437,BENIGN,458.0
2.0,4220751.562440075,1306669.3012284657,6.362972398986963,BENIGN,457.0
35.0,2838691.7697312925,954700.1951478625,6.031889079007514,BENIGN,456.0
23.0,13152760.5154521,515042.0474782835,6.289432194195191,BENIGN,455.0
17.0,14485313.148161847,328469.7303721837,5.79678668201985,BENIGN,454.0
26.0,1438232.3924652273,229847.77751129476,6.041369610157268,BENIGN,453.0
8.0,11237780.937631598,600299.9891310802,5.845229953669972,BENIGN,452.0
29.0,13733343.153269457,187634.7722378943,5.91420092557183,BENIGN,451.0
26.0,13003041.28929498,1177624.4818468327,6.232413864812669,BENIGN,450.0
10.0,14503286.61178292,639274.0493446885,6.381662482332713,BENIGN,449.0
26.0,11641317.098133361,1666616.135365361,5.621495391087765,BENIGN,448.0
34.0,7192182.673332743,241057.65867793423,6.134639256487381,BENIGN,447.0
41.0,5367327.866931826,530067.8392488232,6.082143807577799,BENIGN,446.0
7.0,5490398.366133784,1487467.6794712772,5.6184150391759315,BENIGN,445.0
4.0,11141917.416597638,1237735.7631286336,5.711894330440109,BENIGN,444.0
45.0,11441718.1684335,222533.4153734183,5.81100249473268,BENIGN,443.0
11.0,3805028.009681977,1766754.9686081808,5.666931070817501,BENIGN,442.0
29.0,13153719.388867434,1766797.349369741,5.7437294825243415,BENIGN,441.0
36.0,11008936.562831467,727775.2073639703,5.767600798861707,BENIGN,440.0
25.0,8878504.008807357,746771.1023641729,5.83567383303906,BENIGN,439.0
21.0,7601454.441435178,1979153.8808653303,6.249390452801159,BENIGN,438.0
36.0,8605259.281059414,1289734.7260269625,6.071912203850601,BENIGN,437.0
10.0,3229440.335909703,1109501.3890793123,6.486246671951402,BENIGN,436.0
37.0,3851817.4898678386,1692489.1487486565,5.914735826967471,BENIGN,435.0
9.0,2276302.8656866834,642051.6428789012,6.253865073836925,BENIGN,434.0
24.0,3151212.5342555773,915446.9274530781,6.371468421376534,BENIGN,433.0
35.0,7351710.884473957,608775.6834278349,6.178978493038042,BENIGN,432.0
49.0,8424961.512195585,1599405.6085185898,5.911864740417496,BENIGN,431.0
35.0,1250066.4946964711,1189363.7567069142,6.253594630745753,BENIGN,430.0
48.0,12155169.590096386,1351767.633266134,5.703667137772685,BENIGN,429.0
36.0,5118351.62680869,579383.7746948724,5.8275521651801325,BENIGN,428.0
18.0,13765704.489438755,518428.0726168987,6.0466852550992884,BENIGN,427.0
49.0,14545157.690592889,1027911.7950675836,6.0754093872861485,BENIGN,426.0
39.0,3596424.245473161,1501374.9232763709,5.52214147547263,BENIGN,425.0
32.0,7469362.070719249,1097955.5392883043,6.445114188756008,BENIGN,424.0
24.0,1017245.6923299624,162026.78733677036,6.19662727121739,BENIGN,423.0
23.0,9376581.711713977,1750247.8620085486,5.9957037502318915,BENIGN,422.0
32.0,9502290.275677398,222905.09767875,6.433127234408309,BENIGN,421.0
37.0,4465559.378447252,1916066.5190694293,5.939095565250828,BENIGN,420.0
12.0,8817777.41616477,147769.72072681817,6.480435570270371,BENIGN,419.0
49.0,4157561.9942122963,1419455.8666483467,6.012284757243485,BENIGN,418.0
13.0,3251556.567094661,256193.42105238515,5.61428576999798,BENIGN,417.0
23.0,10121272.535231706,1830285.5009267651,6.264800972459277,BENIGN,416.0
25.0,5562956.4953290485,982423.1488285313,6.1788977250778405,BENIGN,415.0
35.0,9263695.144398715,361295.17215232924,6.272986721305587,BENIGN,414.0
41.0,7065454.485603179,747549.8296007086,6.4514420287256815,BENIGN,413.0
30.0,14780919.703640655,413166.88315884786,6.276489302651018,BENIGN,412.0
17.0,3094128.9973459207,424105.631958471,6.111336602216647,BENIGN,411.0
49.0,7504380.352901342,1901405.8083257403,6.357308902360841,BENIGN,410.0
20.0,10526392.769030554,945967.6133410975,6.173246439354531,BENIGN,409.0
48.0,6537631.174319562,1598724.3014201832,5.908119056825923,BENIGN,408.0
25.0,14645797.926189657,1315250.5662375956,6.385619764241773,BENIGN,407.0
22.0,11106426.79097709,1385210.0884429454,5.721900460784373,BENIGN,406.0
13.0,10197774.005902903,350217.5330968732,6.2146412749087245,BENIGN,405.0
19.0,11598829.746557126,544950.4489494227,6.381563454940757,BENIGN,404.0
49.0,14337080.93254204,1594825.6367934302,6.231316519703296,BENIGN,403.0
36.0,13709461.141784962,1944455.7923020876,6.197275419053857,BENIGN,402.0
12.0,11139994.313769767,599083.7209374383,6.252638294071836,BENIGN,401.0
41.0,11488262.947417963,615980.6530269757,5.9650552483006445,BENIGN,400.0
19.0,3042909.0364920367,998504.5523407192,6.374170682157026,BENIGN,399.0
12.0,2439093.6628973195,1969296.5944253318,5.703436475136091,BENIGN,398.0
9.0,8992663.0258183,611021.997070295,5.6273864160003395,BENIGN,397.0
7.0,1257146.91716756,873246.6283051014,5.785508780118511,BENIGN,396.0
28.0,7752989.341722282,1793812.0296846628,6.031577396774993,BENIGN,395.0
14.0,3944894.1188641605,105549.96198058782,6.010561795409338,BENIGN,394.0
31.0,5844231.947027754,175555.33347828215,6.320598757676587,BENIGN,393.0
19.0,11861266.301101385,1247736.1864353165,5.904568656404018,BENIGN,392.0
47.0,14177325.059253411,1824022.3129544093,5.984344426291509,BENIGN,391.0
16.0,2013827.8100487809,553827.6547636625,5.513367683259395,BENIGN,390.0
5.0,8479390.883670231,992319.3718933471,5.909739236442939,BENIGN,389.0
35.0,13355468.8014744,955884.0731498548,6.147774232950342,BENIGN,388.0
12.0,2155119.482165898,998645.5575814693,5.515508330626592,BENIGN,387.0
25.0,12543196.656555673,1282787.4218865158,5.780881965186244,BENIGN,386.0
21.0,6009218.912995799,992513.1496822991,5.70795635928939,BENIGN,385.0
36.0,5509325.831070695,950189.4685126699,5.541985428909588,BENIGN,384.0
23.0,14684529.408407,1001147.998819395,5.979260089914537,BENIGN,383.0
16.0,3812027.2580721183,1222648.138414979,5.681723293228156,BENIGN,382.0
39.0,10704715.171517532,1120314.227867581,6.24308153963138,BENIGN,381.0
45.0,12500170.19213813,1722858.3955359582,6.347927883763348,BENIGN,380.0
42.0,1576568.9339098036,194044.02163796657,6.045585182669148,BENIGN,379.0
39.0,10385396.41696177,1683302.4357987237,6.481707342521141,BENIGN,378.0
14.0,14321699.640974578,1703456.7639622756,5.950478571470596,BENIGN,377.0
31.0,2739079.534192831,641325.2409088257,6.0133682102249155,BENIGN,376.0
5.0,13547098.237590536,979418.7145301162,6.4892177539577505,BENIGN,375.0
35.0,9326872.923277106,933223.1282211274,5.731548435965049,BENIGN,374.0
23.0,9632464.146074636,515168.68527284754,6.442545939676905,BENIGN,373.0
29.0,9581218.448118484,853914.0094640013,5.542837555119113,BENIGN,372.0
43.0,5183702.408722393,184336.7671246234,5.946386890263195,BENIGN,371.0
11.0,14092825.414192436,627861.9382852954,5.5700035121330655,BENIGN,370.0
18.0,14262906.476834543,1651696.1333563644,6.229234742913643,BENIGN,369.0
47.0,9754265.24299527,640668.3733495054,6.108408935880018,BENIGN,368.0
12.0,11967918.163182605,1654592.6706216703,6.206634263467596,BENIGN,367.0
9.0,9571611.802336212,1110038.9827484186,5.874480399968017,BENIGN,366.0
10.0,7781578.266036568,1771739.086986204,5.869481934031381,BENIGN,365.0
44.0,10251481.65618951,1192081.1531023888,5.5453192789608945,BENIGN,364.0
17.0,8742020.336287418,156369.62382300565,5.84994493952964,BENIGN,363.0
38.0,9364662.07684702,1383298.3943394695,6.42928840226206,BENIGN,362.0
7.0,11973655.747864068,185221.77924478045,5.879226537180449,BENIGN,361.0
46.0,7732653.640285788,956134.3360679545,6.33136770622197,BENIGN,360.0
13.0,1570557.4852946186,1865910.7194989165,6.342325504749934,BENIGN,359.0
40.0,3295992.733852961,413887.4847419153,5.873241156379234,BENIGN,358.0
42.0,7140501.030853537,840757.4705889338,6.131988680396189,BENIGN,357.0
9.0,11147571.838236816,1486734.586812109,5.595371602273058,BENIGN,356.0
27.0,9305901.076342503,1776291.2565802105,5.603678580734276,BENIGN,355.0
2.0,10104118.602228355,1374791.709010765,5.5486576636617135,BENIGN,354.0
5.0,7709905.000068022,590529.1829632216,6.081015093375109,BENIGN,353.0
29.0,9620388.3071914,1381754.9205408108,5.926070977626097,BENIGN,352.0
37.0,5606244.12940527,663782.518097771,6.04803235666424,BENIGN,351.0
38.0,7582556.297753311,1465015.536655597,6.021073190508388,BENIGN,350.0
19.0,11419906.918329379,1912662.942411577,5.850202991090731,BENIGN,349.0
8.0,13205658.905623697,1470647.5571019477,6.1774734148234725,BENIGN,348.0
48.0,7071174.675389444,1739472.9555335834,6.25850188091639,BENIGN,347.0
45.0,1611263.2079030566,103997.30203417849,5.514628258877676,BENIGN,346.0
1.0,3263415.618055237,1463387.0369900293,5.707242299768878,BENIGN,345.0
22.0,1292055.9500815333,1676216.3580439757,6.213235868083337,BENIGN,344.0
17.0,10145682.26932262,177061.60133489472,5.886620172633834,BENIGN,343.0
7.0,5652404.754971525,1756035.6818476382,6.162483946941608,BENIGN,342.0
25.0,8594700.900071144,587719.0337890871,5.846962659734558,BENIGN,341.0
45.0,7905875.854973194,1364054.993758305,5.890755152329637,BENIGN,340.0
4.0,2141370.8537339736,1620674.2701444726,5.658678873689685,BENIGN,339.0
36.0,6645659.055733645,1359062.5748127755,5.75823101966616,BENIGN,338.0
6.0,4087855.748912526,275341.10493918875,6.1054117575075875,BENIGN,337.0
31.0,6857597.041347138,1233010.8858346997,5.933163111315166,BENIGN,336.0
19.0,3850095.9247913975,1144208.9477720729,6.274302682944596,BENIGN,335.0
44.0,12766333.68787707,1810610.4093411157,6.352584954938343,BENIGN,334.0
39.0,3438706.712095551,868055.4863239975,6.04164641821676,BENIGN,333.0
27.0,14450927.720817678,710054.0844653952,6.258267292056059,BENIGN,332.0
10.0,6822703.126057171,1524716.452429286,5.80690451319457,BENIGN,331.0
26.0,12847434.08826669,884083.1195584536,5.914971215400078,BENIGN,330.0
19.0,9802707.45488323,1327582.7325096198,6.212777676216831,BENIGN,329.0
39.0,11294904.181320537,1328255.1712367532,5.886211992817031,BENIGN,328.0
3.0,11748134.432934923,1787274.222284224,6.088504935158989,BENIGN,327.0
45.0,8067828.346502249,1237515.564406285,5.6853727790825115,BENIGN,326.0
13.0,8606207.327086037,1054091.8589277752,6.099771314970498,BENIGN,325.0
28.0,8195942.149322149,363855.5201533823,6.3615137072268935,BENIGN,324.0
20.0,9232817.293261109,319901.4526895402,6.368639639823425,BENIGN,323.0
28.0,1411522.240591102,393210.97403785086,6.224344406329539,BENIGN,322.0
8.0,6537212.377886213,426512.1145214796,6.245753379076126,BENIGN,321.0
41.0,9486641.989856401,1311966.4760609043,6.057927445150701,BENIGN,320.0
39.0,9368129.913582101,1507864.3755216992,6.084668090165825,BENIGN,319.0
1.0,12101385.324478842,1106983.8935601956,5.633650581410518,BENIGN,318.0
3.0,10170130.74364952,1675133.691836433,5.9438591884213015,BENIGN,317.0
13.0,14889866.428769413,1983400.130793903,5.950776283886364,BENIGN,316.0
28.0,4973963.400521031,1658023.9953267765,6.45849783566774,BENIGN,315.0
49.0,6028114.415327241,1420276.5099843224,5.93108686262329,BENIGN,314.0
25.0,6373860.126149148,1111736.1289305785,6.049342644902758,BENIGN,313.0
33.0,7521379.298283479,952820.8361819456,6.033251399279102,BENIGN,312.0
38.0,12703972.892936932,260345.52303463046,6.136761717044327,BENIGN,311.0
6.0,4301089.315428939,858800.6219499127,6.2482328313318956,BENIGN,310.0
44.0,11864002.898496013,1829255.809886055,5.725041876170872,BENIGN,309.0
45.0,6674342.563200408,1635242.9968224505,6.0287244190984355,BENIGN,308.0
32.0,9425975.37126812,510497.59352220566,6.32591770731603,BENIGN,307.0
45.0,9855567.465168286,986554.7909247101,5.963114713837512,BENIGN,306.0
47.0,6219880.920645082,1651774.0848612348,5.7784575463735735,BENIGN,305.0
21.0,8176612.872881273,228030.6540924928,6.154709075356299,BENIGN,304.0
16.0,6782436.445067758,836045.9127704527,6.323767395799123,BENIGN,303.0
21.0,1967859.0066126722,1718498.3500605004,5.563140292927391,BENIGN,302.0
11.0,7120315.443435571,867405.9419232351,6.276790483407227,BENIGN,301.0
37.0,2363507.4957497306,247467.82498973765,6.321647932961771,BENIGN,300.0
36.0,6670291.187124501,1130815.3002112778,5.961522927588607,BENIGN,299.0
35.0,9300857.597644946,1737310.7403447612,6.483305656818468,BENIGN,298.0
19.0,9111808.59080901,1221542.5316110034,6.286708340707309,BENIGN,297.0
20.0,10276697.906116486,529930.3056070404,6.273662564895666,BENIGN,296.0
18.0,2333661.111364768,830055.2782610245,6.2478385744120715,BENIGN,295.0
47.0,10129725.437426131,955234.3862456712,5.650608103218274,BENIGN,294.0
41.0,5370072.793750259,1200606.072259001,5.717230886453011,BENIGN,293.0
49.0,6586643.245919555,1542766.9489299648,5.963990131464425,BENIGN,292.0
14.0,13011807.554917881,287859.8735172073,5.764004349959466,BENIGN,291.0
15.0,1126425.6578137036,1790338.862733376,5.915240972334041,BENIGN,290.0
31.0,9237776.866768476,123388.43573054363,6.3884641099229205,BENIGN,289.0
1.0,9381995.721401505,803099.435881085,6.324326891879269,BENIGN,288.0
3.0,6553236.868809868,152098.58894804952,6.130039878479982,BENIGN,287.0
16.0,4318389.999516707,846651.0281560534,6.358120394251103,BENIGN,286.0
23.0,4285436.535661715,1099043.9378593152,6.283772389017249,BENIGN,285.0
11.0,13371935.375250537,1072194.6345048724,5.9289849318408905,BENIGN,284.0
12.0,7188341.232960005,414693.85935370415,5.701065152049945,BENIGN,283.0
10.0,5632451.081848407,1326906.9691816634,6.014201040009339,BENIGN,282.0
32.0,7282886.033639642,185079.05595886963,6.23622888252855,BENIGN,281.0
16.0,10371465.620431058,1547622.9582515892,5.936419598729593,BENIGN,280.0
8.0,3040591.9554265235,1898624.4245877378,6.166771909783897,BENIGN,279.0
38.0,7292073.692992328,745560.771587124,5.594327426291043,BENIGN,278.0
12.0,9230381.195545416,1082754.8252572306,6.248004736371404,BENIGN,277.0
24.0,14280166.967920072,819929.5283117474,6.312713619893062,BENIGN,276.0
28.0,4535388.949055869,112749.74157771391,6.206837855780541,BENIGN,275.0
8.0,6029510.470827438,833161.5555007203,6.467263587526365,BENIGN,274.0
28.0,6311020.258913932,1604268.4925965583,6.32665205746064,BENIGN,273.0
36.0,9477534.20702836,1232378.8001486154,6.403093727876538,BENIGN,272.0
26.0,5994248.742560023,292393.83776880195,6.4335710834576485,BENIGN,271.0
8.0,8469166.954195738,1709565.0304181916,6.301347991873809,BENIGN,270.0
28.0,11945064.61783041,1109062.1552819614,6.174258842006499,BENIGN,269.0
28.0,10875398.31757085,1699274.3873148847,5.50571858136079,BENIGN,268.0
37.0,7249161.051176198,1202420.8856915557,5.9658257532231245,BENIGN,267.0
41.0,13099026.487438364,1163408.045192086,6.071162298622361,BENIGN,266.0
36.0,8813963.49431408,299992.45187432354,5.804030272447999,BENIGN,265.0
27.0,8558681.753030974,417983.4929633931,5.818104446903472,BENIGN,264.0
17.0,1478628.7231482144,1946847.9873435232,6.461159415710165,BENIGN,263.0
9.0,14813701.725000262,534124.8188340645,6.391710865202746,BENIGN,262.0
33.0,2721591.319414774,1957159.024181699,6.349179005501704,BENIGN,261.0
20.0,4235832.773987053,1110634.1423961003,5.906011801706111,BENIGN,260.0
13.0,1723755.7213813774,357999.1894214805,5.513698550408915,BENIGN,259.0
28.0,9960041.535716793,288674.1852320166,5.580222246455714,BENIGN,258.0
48.0,4145816.47761752,496841.73434090597,5.812196368217604,BENIGN,257.0
29.0,3520146.124618129,1858710.9270481379,5.515742912995677,BENIGN,256.0
13.0,2239778.17912538,886885.4262236309,5.517149781915198,BENIGN,255.0
46.0,2446325.399736219,851325.1091865373,6.416603301642411,BENIGN,254.0
35.0,9185389.806196243,695091.8960333306,6.206158502119054,BENIGN,253.0
6.0,10634910.122132337,379417.51607651793,5.808955990068153,BENIGN,252.0
18.0,6563305.8385016145,1026917.2746655722,5.632644577600953,BENIGN,251.0
5.0,7718559.142289025,347090.7867711635,6.011635717895077,BENIGN,250.0
47.0,10603548.303761778,1687412.4491264224,5.505346160854365,BENIGN,249.0
25.0,1243317.062596715,803754.2739230823,6.438413743858144,BENIGN,248.0
2.0,5523829.198983899,812126.778785413,5.9148151193889476,BENIGN,247.0
10.0,14623368.47298485,1000612.2141179962,5.9023349552373325,BENIGN,246.0
30.0,9121571.215736553,943842.6550149281,5.890593607581782,BENIGN,245.0
45.0,4559144.118564906,1990230.148812711,5.569328330387765,BENIGN,244.0
5.0,8304220.652906984,1136224.1303147748,6.138322239791827,BENIGN,243.0
33.0,5797148.833692815,267583.23720075435,6.233003619628353,BENIGN,242.0
1.0,8451429.843568187,1253066.948996167,6.17612539758829,BENIGN,241.0
18.0,2760381.1652930835,388010.1564527719,5.6384354933293945,BENIGN,240.0
32.0,2858005.1534698834,158781.52498954974,6.078840168035592,BENIGN,239.0
47.0,3009593.0685515003,1944410.0919867714,6.0694844841722535,BENIGN,238.0
49.0,14157477.086975785,1569723.8939156714,6.368410787941382,BENIGN,237.0
11.0,11260584.856778786,1962207.0855861572,5.879127658375647,BENIGN,236.0
21.0,3273346.5252724923,1007969.0512422606,5.871485943659434,BENIGN,235.0
26.0,3636887.17271842,1111289.3091830546,6.118527058718185,BENIGN,234.0
25.0,11231612.64819227,419840.2162463474,6.133072653499513,BENIGN,233.0
22.0,3186293.827090435,569124.1106684126,5.96928522732579,BENIGN,232.0
27.0,4283858.106687602,1693243.5083153734,5.9430593623304215,BENIGN,231.0
49.0,14486855.659485586,776752.7295234288,5.994147670637883,BENIGN,230.0
13.0,4574291.346198047,1670948.450213196,6.361045299503312,BENIGN,229.0
33.0,10262852.905196054,1447126.0761453605,5.96116690125391,BENIGN,228.0
34.0,14700838.023607425,436624.75801654445,6.439931791969823,BENIGN,227.0
41.0,6240154.739957097,1064148.09562751,6.004003763596326,BENIGN,226.0
35.0,1245223.8720688713,1387035.910885562,6.449200693180892,BENIGN,225.0
1.0,4418062.0659132395,546570.7081272677,6.332831901869076,BENIGN,224.0
21.0,12632280.678783877,1678308.169988146,5.862431322615829,BENIGN,223.0
48.0,13104523.703370513,1135172.549335855,6.363641421296616,BENIGN,222.0
6.0,11759271.103333076,413959.8958409461,5.610063284201115,BENIGN,221.0
28.0,2583537.467072022,1207670.4097127446,6.425047175343014,BENIGN,220.0
17.0,12137145.203749644,1999456.2278962366,6.131643515082891,BENIGN,219.0
5.0,13861489.15790906,385990.83416048577,5.554390748522311,BENIGN,218.0
31.0,9408533.595647305,1651838.1672271034,6.144256723650812,BENIGN,217.0
5.0,14172254.988732908,493887.1060563601,6.474247654144756,BENIGN,216.0
38.0,12575744.371966284,1586537.825974166,5.569800654614629,BENIGN,215.0
3.0,10337601.237872701,1495698.0539306852,6.054687709780087,BENIGN,214.0
23.0,9080593.313964475,670929.8326408215,6.247794349759372,BENIGN,213.0
37.0,5880031.341387587,719063.9233724546,6.310258586699531,BENIGN,212.0
37.0,3230024.233399272,1605790.6447295465,5.913827465320796,BENIGN,211.0
10.0,9469354.917667571,976746.472585894,5.704166559168243,BENIGN,210.0
10.0,5453561.750653673,1488554.2545524368,5.5423422787723835,BENIGN,209.0
19.0,13130141.345387036,381169.87999508606,6.079726157097225,BENIGN,208.0
17.0,14906717.123020798,1719859.7856129517,5.952911070267611,BENIGN,207.0
21.0,11533988.676618015,1450680.9616964064,6.448744395149711,BENIGN,206.0
14.0,2266743.7340187104,1823191.3367861845,5.56060490771491,BENIGN,205.0
9.0,5041598.337428933,351507.5201664476,6.185395343446006,BENIGN,204.0
46.0,2527534.844720496,1226727.5506851356,5.5249662221200575,BENIGN,203.0
1.0,10107163.06908402,1238329.111576618,5.671434176710543,BENIGN,202.0
45.0,11712672.103780985,771575.4070388867,5.953578999922835,BENIGN,201.0
13.0,13959447.632329965,971086.2066815898,5.954872442802868,BENIGN,200.0
4.0,7134412.849767827,172164.9702507216,6.185700542933644,BENIGN,199.0
1.0,13619259.09423822,1517134.0733913227,6.410213034867756,BENIGN,198.0
49.0,13290476.226578586,1143712.7108660308,6.139032158914921,BENIGN,197.0
40.0,5440740.034715581,209707.99855143018,6.453535097851509,BENIGN,196.0
32.0,13164608.757567994,1393436.1966249226,6.381615639877998,BENIGN,195.0
34.0,6259411.526344171,986885.9467392571,6.084499795530791,BENIGN,194.0
28.0,5156169.843843931,165476.3929075,6.333791950918827,BENIGN,193.0
31.0,10087045.223121503,1942254.6810113813,6.1425776103236345,BENIGN,192.0
8.0,5597337.1903911345,1903313.071869937,5.578557830923727,BENIGN,191.0
39.0,9822922.47660802,1074514.5906796753,6.24056472325951,BENIGN,190.0
26.0,9537645.276981723,277977.59934122936,5.594908441267346,BENIGN,189.0
34.0,8888144.982878424,1533780.3210373244,6.094082780569712,BENIGN,188.0
3.0,6325875.859259168,1034669.0902008852,6.202640205858229,BENIGN,187.0
12.0,8678996.103120673,674650.2087498218,5.566527608210855,BENIGN,186.0
1.0,9350796.649795901,1033694.5373042579,5.730794653926532,BENIGN,185.0
44.0,8639616.438936628,1092643.8762703824,6.41567223226165,BENIGN,184.0
5.0,7221872.338516821,1169152.2281424445,6.116314492232896,BENIGN,183.0
30.0,1205338.7986476934,938325.0559451204,5.746286018810531,BENIGN,182.0
30.0,9218863.907816112,1250935.0759642078,6.190679771148007,BENIGN,181.0
17.0,3358221.391998075,1845595.950152117,6.09677641996169,BENIGN,180.0
48.0,9996063.565260654,788309.3654873231,6.001575699917948,BENIGN,179.0
47.0,11630820.590920124,1478861.2801179034,6.476186974988083,BENIGN,178.0
23.0,8006234.327830381,1799459.8579660412,6.183453777407509,BENIGN,177.0
15.0,8593091.309716336,966360.6239438801,5.875441109667912,BENIGN,176.0
37.0,14320699.835323876,942566.0891256178,6.300073432076868,BENIGN,175.0
21.0,12860343.05921604,1244022.272174081,6.384583292921188,BENIGN,174.0
14.0,13799311.22332058,1223672.8429027274,5.625220559516832,BENIGN,173.0
2.0,12392728.03647421,1632519.7504199264,5.700552977845266,BENIGN,172.0
11.0,2524856.78585424,1005318.4291787561,5.716227009127779,BENIGN,171.0
39.0,3085885.9835827257,1992633.6043149382,6.19121180938654,BENIGN,170.0
38.0,8372733.161765434,212995.98084783347,6.103039555053283,BENIGN,169.0
34.0,4444975.223171975,106018.9123033333,6.118991564698588,BENIGN,168.0
38.0,7673736.650576228,1316376.7919632853,6.440773299689501,BENIGN,167.0
34.0,6521114.533456903,667026.3334875657,6.275911532807306,BENIGN,166.0
18.0,8691799.338026347,556726.5385290192,5.627936924511783,BENIGN,165.0
30.0,11456260.025901519,692608.2520081329,5.847507082425181,BENIGN,164.0
15.0,11016872.699389841,586490.3736994131,5.9353936461757355,BENIGN,163.0
27.0,8297277.854794681,158501.0943548509,5.895961588747605,BENIGN,162.0
34.0,12513507.863438813,1945912.7805421185,6.169308609161879,BENIGN,161.0
38.0,7032069.281532466,519416.42806028534,6.391893103256563,BENIGN,160.0
33.0,13554000.057761714,1494656.548919682,5.806051463522788,BENIGN,159.0
24.0,1997923.7807722948,1548933.149918933,6.051877136421186,BENIGN,158.0
15.0,14365240.420466304,1865589.0562137356,6.289409421913586,BENIGN,157.0
30.0,10165703.140038874,158043.96847742196,5.91621805884535,BENIGN,156.0
42.0,6321043.1251208745,1756891.8430493146,5.668118128399296,BENIGN,155.0
17.0,3760157.7720202827,1101729.7435956204,5.974950965263748,BENIGN,154.0
5.0,7708565.212210399,1301833.808935073,5.555222520743029,BENIGN,153.0
29.0,3723816.524594214,1324493.526529964,6.442383454002277,BENIGN,152.0
4.0,3328642.50840399,1657615.8294709823,5.574821205194973,BENIGN,151.0
10.0,9642924.603781639,733473.91210231,5.938456715250578,BENIGN,150.0
17.0,8323186.144144986,1492797.2607339874,6.029881261088526,BENIGN,149.0
10.0,10381344.484553184,1104298.4084721743,6.485303832287285,BENIGN,148.0
17.0,14014482.28390785,1607448.6271801607,5.666021823642861,BENIGN,147.0
20.0,8451642.986746563,1982037.4622632535,5.614431518612358,BENIGN,146.0
24.0,9133048.745679168,481236.93306714634,5.508706147062544,BENIGN,145.0
5.0,2254768.7481691893,1989832.418963996,5.655571436869303,BENIGN,144.0
34.0,11046901.002720814,270643.0931372706,5.7072729790676675,BENIGN,143.0
6.0,6598672.895258186,104403.34101914635,6.1305809415830925,BENIGN,142.0
2.0,14674153.341276104,183907.67873787938,5.719706790391401,BENIGN,141.0
13.0,12524436.218339244,749386.5689998472,5.520520814729325,BENIGN,140.0
43.0,8314734.5672256565,1302522.028289025,6.326618345502489,BENIGN,139.0
43.0,2725117.1584103247,231156.1276869143,5.865595701003967,BENIGN,138.0
48.0,13031821.105928248,110765.04760617782,5.853696686580734,BENIGN,137.0
11.0,12196935.335936302,1880472.9540717101,5.802479029167927,BENIGN,136.0
47.0,3584191.813518462,1661660.6082858664,6.475373277146421,BENIGN,135.0
23.0,5133896.049084341,1637448.025164159,5.670115417309281,BENIGN,134.0
16.0,12107701.614069723,1780406.1234537566,6.398238063953235,BENIGN,133.0
31.0,3593198.251663735,1430065.1182669983,6.276803332139888,BENIGN,132.0
11.0,13848534.848399282,298367.84652135475,5.576479955499313,BENIGN,131.0
16.0,6943383.952749066,858290.3573400738,6.486729101500849,BENIGN,130.0
8.0,2218545.476227221,1473984.024282796,5.771365963539011,BENIGN,129.0
4.0,12420481.009059932,632635.4755038897,5.598582927022412,BENIGN,128.0
40.0,6229135.562537426,1406072.0918588515,6.32931423412576,BENIGN,127.0
4.0,8370988.718152934,146547.05170853948,6.2066755336777,BENIGN,126.0
25.0,2572260.8217570684,681660.9476712272,6.117218805877901,BENIGN,125.0
3.0,1036176.2078297534,1143347.638926628,5.655980863698933,BENIGN,124.0
32.0,9931792.881106166,1300970.6760618603,5.978496116255962,BENIGN,123.0
3.0,8212452.384672242,1196377.2624776305,6.280556026887214,BENIGN,122.0
27.0,9309539.96772406,1425736.924539516,5.80362393814384,BENIGN,121.0
29.0,12112413.905327229,111568.62165569424,5.811689828515042,BENIGN,120.0
32.0,10052482.787920041,291788.27995729086,5.503140906048122,BENIGN,119.0
19.0,3446828.1995832804,1750994.0793303757,5.67424340164538,BENIGN,118.0
21.0,6050815.267548397,1395322.4237713064,6.375405625121834,BENIGN,117.0
5.0,13682475.467028646,314570.12110342144,5.941746491637707,BENIGN,116.0
18.0,11779225.803523505,1699941.4310573007,6.484234499234434,BENIGN,115.0
28.0,8792918.811114041,560239.3138666771,5.895707963573793,BENIGN,114.0
42.0,4579029.969329812,1008693.7799709246,6.215186454780241,BENIGN,113.0
22.0,5228847.025687131,375873.37448085455,5.781919042904729,BENIGN,112.0
21.0,11247412.946198883,1449209.1072012426,5.863809641140934,BENIGN,111.0
6.0,12916439.651938792,1367023.3999271088,5.690725987590895,BENIGN,110.0
1.0,10399945.373428602,501113.69521565875,5.847062368499395,BENIGN,109.0
5.0,12333419.660758184,1740461.4570283035,6.047237520420643,BENIGN,108.0
41.0,11733185.892805684,862481.4460174531,6.49177288097925,BENIGN,107.0
12.0,3095855.5513974084,655778.6730344094,6.164201713071786,BENIGN,106.0
26.0,6935227.380786228,389426.21998261736,5.699245954408314,BENIGN,105.0
46.0,3141773.211599877,605719.2237795212,5.544961441591552,BENIGN,104.0
34.0,4293298.187227787,141851.1503252523,5.62635648131451,BENIGN,103.0
49.0,13169634.745114736,1208189.2356666196,6.062555201273048,BENIGN,102.0
14.0,7620487.51886455,1700238.418053501,6.2651603288167665,BENIGN,101.0
26.0,8495013.425797252,1143062.8539391195,6.440419207300747,PRE-FAILURE,100.0
67.5,2915202.9276573416,516620.52765536384,5.5158231719968205,PRE-FAILURE,99.0
54.0,3837003.574773675,163971.43860635816,6.02276014156187,PRE-FAILURE,98.0
22.5,2639653.973743862,507793.3391917254,5.970867356223176,PRE-FAILURE,97.0
78.0,2159225.7240322055,890630.7133350754,6.156055021975704,PRE-FAILURE,96.0
164.5,4965725.5532117905,1543261.7145296133,6.059578854465342,PRE-FAILURE,95.0
88.0,2089260.8486545486,456901.4198217708,6.18703915058248,PRE-FAILURE,94.0
211.5,4103423.6684524403,1467603.7613739036,6.158082584749191,PRE-FAILURE,93.0
150.0,699370.9990460594,1747173.589868579,5.617011724857946,PRE-FAILURE,92.0
236.5,1066014.8247783666,962499.0114058785,6.29971791361872,PRE-FAILURE,91.0
288.0,1614521.1853339185,1660720.7841209273,5.623232575716325,PRE-FAILURE,90.0
110.5,2924580.2614186504,1153848.9612666816,6.198530625209137,PRE-FAILURE,89.0
182.0,3076993.362124489,1310472.5904537195,5.916145367640607,PRE-FAILURE,88.0
270.0,1999454.8708092722,1099929.0746425851,6.013850734576598,PRE-FAILURE,87.0
8.0,1905545.4747582118,980028.1618275493,6.403298014375711,PRE-FAILURE,86.0
68.0,2785808.9798951633,545841.5393741138,6.389883726473487,PRE-FAILURE,85.0
441.0,290832.21064717957,676068.7129759875,6.317856305655029,PRE-FAILURE,84.0
332.5,1312559.1687816107,650943.2259928571,6.010148380456323,PRE-FAILURE,83.0
150.0,2709108.4347107084,1170248.968812248,6.236239810133833,PRE-FAILURE,82.0
493.5,1967723.2797890021,327912.01674539084,6.01289705551881,PRE-FAILURE,81.0
242.0,1144235.971715177,1841904.2123344368,6.369606082474777,PRE-FAILURE,80.0
161.0,2630259.056272199,1469244.7760379151,5.9027758332329,PRE-FAILURE,79.0
312.0,2188281.14523914,862746.6987350679,6.470235344414877,PRE-FAILURE,78.0
350.0,840810.046663262,401385.87460011814,6.432322758228878,PRE-FAILURE,77.0
299.0,1730009.9526482818,1775785.122471108,6.241602619451785,PRE-FAILURE,76.0
189.0,1556751.6991075657,1665178.3711922138,5.779415884176072,PRE-FAILURE,75.0
336.0,1067198.5155718965,1471270.9501626408,5.631653588793259,PRE-FAILURE,74.0
29.0,958966.4232605015,615939.3900813605,6.354703450093197,PRE-FAILURE,73.0
675.0,880279.7949787659,864648.611123971,5.665302286137961,PRE-FAILURE,72.0
403.0,1417673.6716969197,295221.6796596044,6.354260788997336,PRE-FAILURE,71.0
224.0,1027677.0158184819,459175.09698231024,5.99076500671236,PRE-FAILURE,70.0
115.5,1756400.497988876,1587731.6109017925,5.906556783808104,PRE-FAILURE,69.0
51.0,1401950.8953885764,1458573.5658162993,6.403190778834429,PRE-FAILURE,68.0
822.5,260400.3263068523,1227622.949654276,6.103850982540278,PRE-FAILURE,67.0
414.0,1277225.0171274773,1801880.7792597285,6.076614007129717,PRE-FAILURE,66.0
851.0,599508.0138753233,1208206.3838447863,6.0587659446243975,PRE-FAILURE,65.0
817.0,1134069.2540424292,987239.1999308603,5.871169516019531,PRE-FAILURE,64.0
916.5,1252600.8375533714,746704.4179809492,6.285643103529127,PRE-FAILURE,63.0
900.0,492047.5172274614,1886852.1608987278,5.752798444015773,PRE-FAILURE,62.0
369.0,840456.93503695,257159.37689627163,6.438894960041275,PRE-FAILURE,61.0
798.0,407172.008829661,1868686.006915536,6.3939852050469606,PRE-FAILURE,60.0
752.5,188341.76750120826,1670757.8538689348,5.837480325674898,PRE-FAILURE,59.0
330.0,670071.2690215071,346866.85661783244,6.229463769831664,PRE-FAILURE,58.0
562.5,633460.3964420717,1173470.2795829817,6.073223194449591,PRE-FAILURE,57.0
851.0,1524155.8030468978,1746441.1653232651,5.837649301999234,PRE-FAILURE,56.0
658.0,724893.291676699,1186437.410853592,6.488521647995447,PRE-FAILURE,55.0
240.0,555879.7737853731,1823679.6609651824,5.525237345848264,PRE-FAILURE,54.0
955.5,877562.5090416773,1891669.2519504807,5.752646030621286,PRE-FAILURE,53.0
425.0,211579.57712346772,902530.5921501812,6.02007406111115,PRE-FAILURE,52.0
994.5,1339196.3243858689,816895.9566720149,6.021953003478564,PRE-FAILURE,51.0
572.0,899040.0580249514,1879010.1925413979,6.088933074945564,PRE-FAILURE,50.0
689.0,1032832.9892117738,1382766.1161843694,6.251676172022919,PRE-FAILURE,49.0
1188.0,297078.16968726716,320443.09456152166,6.123477830519296,PRE-FAILURE,48.0
687.5,580404.3053511081,180354.32352309427,6.100281460528037,PRE-FAILURE,47.0
476.0,586241.3209785299,1172795.1968947998,5.553514462913043,PRE-FAILURE,46.0
370.5,1042107.5178846013,1867324.8343330068,5.876530287789298,PRE-FAILURE,45.0
580.0,83386.35382227313,1704072.5345710549,5.732055739701156,PRE-FAILURE,44.0
737.5,420318.02556012664,1384110.7182822393,5.7653701116019755,PRE-FAILURE,43.0
120.0,1169627.717525417,364320.1128930663,6.054337474340345,PRE-FAILURE,42.0
305.0,597532.1569599266,583039.6291225216,5.699505314929608,PRE-FAILURE,41.0
93.0,488874.4556473935,1763471.3304499707,5.7939491010168975,PRE-FAILURE,40.0
1291.5,202848.94153386733,447333.7496481109,5.73708470851734,PRE-FAILURE,39.0
1440.0,1092410.80602927,629034.8756758256,6.448502943218195,PRE-FAILURE,38.0
585.0,94144.77815893694,346241.23727133975,6.444665732171095,PRE-FAILURE,37.0
1551.0,820327.7645001016,1384605.6396873812,6.109941558596052,PRE-FAILURE,36.0
1206.0,840028.3762170799,1893566.3801900982,6.4245224687319,PRE-FAILURE,35.0
1598.0,310647.46654184035,611039.2600312333,6.285812645468373,PRE-FAILURE,34.0
759.0,722348.4868460085,1003272.55491514,6.089947882801809,PRE-FAILURE,33.0
1190.0,157603.28913092185,1305245.505451288,5.506435211496796,PRE-FAILURE,32.0
1668.5,310720.38716548093,1998985.8716096983,6.272516286079404,PRE-FAILURE,31.0
288.0,802041.8557394474,299135.323495387,6.202488341588468,PRE-FAILURE,30.0
1460.0,862210.9663466817,1047284.5190608473,6.115253653282414,PRE-FAILURE,29.0
1813.0,618104.5309894206,831728.2278147502,6.260424311682471,PRE-FAILURE,28.0
1650.0,518957.5670183818,1745058.3139224749,6.012922164774766,PRE-FAILURE,27.0
722.0,204446.60054846355,1004338.6889221462,6.204083271321339,PRE-FAILURE,26.0
1617.0,117720.4039442564,310857.2967117814,6.435172086726493,PRE-FAILURE,25.0
1599.0,163400.3949771494,1305405.876044509,5.875805015846086,PRE-FAILURE,24.0
1461.5,255061.10983813312,1564483.1747013717,6.208121834900625,PRE-FAILURE,23.0
240.0,348400.1823227043,105474.37816466772,5.975687818010959,PRE-FAILURE,22.0
1053.0,376948.41411629884,1732017.702299196,6.174399651813982,PRE-FAILURE,21.0
1394.0,344029.6917791794,453443.7000107647,6.262893335554364,PRE-FAILURE,20.0
1867.5,252719.45643963479,1148931.792841418,5.545452500435796,PRE-FAILURE,19.0
252.0,467594.22152435477,890015.2513061552,6.146600443948662,PRE-FAILURE,18.0
1572.5,713295.7679125315,1467342.2515600077,5.7267411844069445,PRE-FAILURE,17.0
1419.0,276171.32239329827,805207.0680929095,6.170032537807566,PRE-FAILURE,16.0
957.0,788523.2370795147,1752550.0356952504,5.968330185933813,PRE-FAILURE,15.0
924.0,726742.4870403225,1487943.0858217014,6.273552741864887,PRE-FAILURE,14.0
267.0,177429.29124617032,1330655.0250195507,5.6234008152055965,PRE-FAILURE,13.0
270.0,645584.0534730818,1612857.1315694232,6.126322351656195,PRE-FAILURE,12.0
2184.0,481075.71023663465,1532643.7663639265,5.7784707289275525,PRE-FAILURE,11.0
184.0,470108.1615999926,168283.48235095135,6.352981995330591,PRE-FAILURE,10.0
1395.0,337218.68139658554,849995.2723051735,6.428383505636307,PRE-FAILURE,9.0
517.0,413203.19528598635,1868533.8649013306,6.496398293679055,PRE-FAILURE,8.0
1425.0,334719.534898416,338876.1110852298,6.296007402427283,PRE-FAILURE,7.0
1488.0,432134.1748807677,1500483.4458208974,6.253734070428004,PRE-FAILURE,6.0
1164.0,489565.0369408451,1951724.4415371264,5.715500758867551,PRE-FAILURE,5.0
441.0,516844.2222636969,199177.3951854461,5.836007058990109,PRE-FAILURE,4.0
148.5,414447.87724666495,1396168.37319056,5.96568254176228,PRE-FAILURE,3.0
1550.0,538830.5311942836,989492.8684719577,6.27338104778225,PRE-FAILURE,2.0
2020.0,143167.91778159045,1200432.9852119721,6.414965865077969,PRE-FAILURE,1.0
